frame_id,n_points,n_finite,invalid_ratio,range_p50,range_p95,range_max,z_min,z_max,intensity_mean,intensity_std,empty_az_bins,min_sector_ratio,dup_ratio,timestamp_s,flagged,reasons
scene-0103_000,34752,34752,0.000000,4.219640,30.717173,103.388710,-10.613050,15.905303,0.057583,0.068226,0,0.769925,0.029869,,False,-
scene-0103_001,34688,34688,0.000000,4.235456,29.433949,103.369949,-8.953439,15.367679,0.055384,0.067049,0,0.731563,0.029982,,False,-
scene-0103_002,34752,34752,0.000000,4.324854,29.770555,104.312401,-8.844325,14.984074,0.051615,0.058853,0,0.709774,0.029696,,False,-
scene-0103_003,34720,34720,0.000000,4.655982,29.934893,104.535507,-8.432637,14.710004,0.052018,0.064177,0,0.729614,0.029119,,False,-
scene-0103_004,34784,34784,0.000000,4.938131,27.747835,104.799622,-8.568030,13.990107,0.054567,0.067547,0,0.730290,0.030416,,False,-
scene-0103_005,34720,34720,0.000000,4.919877,26.089397,101.444817,-8.901794,14.785812,0.055873,0.070538,0,0.748899,0.031884,,False,-
scene-0103_006,34688,34688,0.000000,5.090212,26.945658,104.242256,-9.901310,15.098925,0.056187,0.071482,0,0.460938,0.030846,,False,-
scene-0103_007,34688,34688,0.000000,5.625088,27.469120,94.195007,-7.924996,13.284418,0.055711,0.068235,0,0.687023,0.030500,,False,-
scene-0103_008,34720,34720,0.000000,5.720678,29.349222,88.673317,-5.567416,15.277002,0.055289,0.071815,0,0.697733,0.031336,,False,-
scene-0103_009,34720,34720,0.000000,6.352506,31.595522,100.330215,-4.688134,14.556418,0.055420,0.072956,0,0.655215,0.030991,,False,-
scene-0103_010,34720,34720,0.000000,6.625269,31.329533,94.213020,-10.308006,13.999001,0.058348,0.071141,0,0.659524,0.031797,,False,-
scene-0103_011,34688,34688,0.000000,6.857203,30.580837,88.281311,-17.102894,13.513471,0.062349,0.076155,0,0.651109,0.031365,,False,-
scene-0103_012,34688,34688,0.000000,6.900925,29.251518,86.065361,-15.647503,13.176172,0.064553,0.078583,0,0.657310,0.029982,,False,-
scene-0103_013,34688,34688,0.000000,6.959117,29.087591,90.897713,-14.676698,12.909322,0.064244,0.077201,0,0.660613,0.031192,,False,-
scene-0103_014,34720,34720,0.000000,7.148216,28.966055,104.737282,-13.733470,12.755002,0.062985,0.074602,0,0.618994,0.030156,,False,-
scene-0103_015,34688,34688,0.000000,7.319107,29.357740,104.140259,-13.116724,12.651498,0.062485,0.073990,0,0.602222,0.030673,,False,-
scene-0103_016,34720,34720,0.000000,7.369987,30.166700,80.047523,-12.660733,12.521704,0.062841,0.076164,0,0.628889,0.030847,,False,-
scene-0103_017,34720,34720,0.000000,7.337009,30.651842,86.472198,-12.292605,12.622428,0.062519,0.075897,0,0.629712,0.031048,,False,-
scene-0103_018,34784,34784,0.000000,7.268720,31.111732,87.232300,-11.895603,12.636214,0.062276,0.076047,0,0.625686,0.029640,,False,-
scene-0103_019,34784,34784,0.000000,7.246834,31.933867,85.296509,-11.472805,13.762848,0.061981,0.075386,0,0.648169,0.029698,,False,-
scene-0103_020,34752,34752,0.000000,7.122405,32.789188,91.852348,-11.007283,13.693727,0.061934,0.075231,0,0.642140,0.030531,,False,-
scene-0103_021,34752,34752,0.000000,7.006618,33.968250,104.251656,-10.411445,13.568084,0.061788,0.077386,0,0.626533,0.030502,,False,-
scene-0103_022,34752,34752,0.000000,6.829071,33.593899,102.265999,-9.795479,13.464086,0.061127,0.079401,0,0.606395,0.030272,,False,-
scene-0103_023,34720,34720,0.000000,6.694566,32.994438,101.044968,-10.654438,13.439973,0.061015,0.079861,0,0.609287,0.029983,,False,-
scene-0103_024,34688,34688,0.000000,6.584734,32.358700,100.762596,-3.853698,13.682878,0.062179,0.081789,0,0.615730,0.029953,,False,-
scene-0103_025,34688,34688,0.000000,6.532847,31.659145,97.141441,-4.521418,13.794687,0.060533,0.079083,0,0.617312,0.030962,,False,-
scene-0103_026,34688,34688,0.000000,6.261761,34.785202,94.516396,-9.613725,14.178799,0.061290,0.078573,0,0.626126,0.030616,,False,-
scene-0103_027,34752,34752,0.000000,6.367234,36.183861,92.173981,-10.666962,14.810532,0.058530,0.074612,0,0.627854,0.030444,,False,-
scene-0103_028,34720,34720,0.000000,6.616082,36.895096,89.868500,-16.729786,14.599559,0.056614,0.071242,0,0.630979,0.031653,,False,-
scene-0103_029,34720,34720,0.000000,6.936048,37.835384,99.950562,-15.274871,14.378679,0.055553,0.070989,0,0.634202,0.030472,,False,-
scene-0103_030,34688,34688,0.000000,7.158541,38.009201,104.376541,-10.915365,14.296148,0.054591,0.068487,0,0.609195,0.031164,,False,-
scene-0103_031,34688,34688,0.000000,7.203036,38.090687,104.792931,-8.140407,13.837513,0.053640,0.066708,0,0.616438,0.032317,,False,-
scene-0103_032,34752,34752,0.000000,7.183373,36.968781,104.246964,-8.878022,14.052344,0.054697,0.072650,0,0.602804,0.030933,,False,-
scene-0103_033,34784,34784,0.000000,6.814592,37.048439,104.301926,-12.738789,14.381630,0.055908,0.076782,0,0.594470,0.031739,,False,-
scene-0103_034,34688,34688,0.000000,6.374265,35.764660,99.869247,-10.722477,14.564739,0.058022,0.083241,0,0.619159,0.032115,,False,-
scene-0103_035,34720,34720,0.000000,5.862982,34.378662,98.095154,-15.524818,13.981460,0.060187,0.089854,0,0.625455,0.030991,,False,-
scene-0103_036,34752,34752,0.000000,5.734256,34.477444,102.347878,-14.079578,14.624687,0.059291,0.088024,0,0.630435,0.031106,,False,-
scene-0103_037,34720,34720,0.000000,5.982353,30.146805,100.508133,-12.238221,15.626347,0.060573,0.090571,0,0.623942,0.031509,,False,-
scene-0103_038,34752,34752,0.000000,5.746501,26.811049,102.458527,-10.388916,16.212748,0.063711,0.094775,0,0.647343,0.030300,,False,-
scene-0103_039,34720,34720,0.000000,5.517013,25.997139,97.688446,-8.575144,16.949474,0.057036,0.086986,0,0.639024,0.031682,,False,-
scene-1094_000,34400,34400,0.000000,5.483372,41.027813,94.702324,-16.811443,14.276058,0.079369,0.109697,0,0.291469,0.026831,,True,min_sector_ratio thấp bất thường (-54% so với trung vị)
scene-1094_001,34688,34688,0.000000,5.630763,40.936367,104.879166,-16.823561,14.376982,0.081709,0.110443,0,0.395322,0.027473,,True,min_sector_ratio thấp bất thường (-38% so với trung vị)
scene-1094_002,34720,34720,0.000000,5.755970,40.866566,97.103798,-16.872471,15.927794,0.083596,0.111931,0,0.722807,0.026642,,False,-
scene-1094_003,34688,34688,0.000000,6.029534,40.728500,97.683464,-16.955261,15.972492,0.082111,0.110479,0,0.743649,0.027329,,False,-
scene-1094_004,34720,34720,0.000000,6.276812,40.550518,105.063072,-17.130064,15.850388,0.080389,0.110317,0,0.734177,0.026671,,False,-
scene-1094_005,34752,34752,0.000000,6.427414,39.866386,103.037689,-17.389198,15.821252,0.079846,0.111856,0,0.702890,0.026445,,False,-
scene-1094_006,34688,34688,0.000000,6.858116,39.515728,104.000038,-12.472963,13.857807,0.077850,0.111056,0,0.654292,0.026407,,False,-
scene-1094_007,34720,34720,0.000000,6.806539,38.781734,104.268250,-11.922334,12.349836,0.075498,0.107321,0,0.646651,0.026959,,False,-
scene-1094_008,34752,34752,0.000000,6.767179,38.318195,104.724899,-11.335597,13.417611,0.073809,0.105361,0,0.669767,0.026531,,False,-
scene-1094_009,34720,34720,0.000000,6.667680,37.779831,105.034882,-6.531081,15.354005,0.070294,0.102160,0,0.683781,0.027160,,False,-
scene-1094_010,34688,34688,0.000000,6.508690,36.910923,105.051277,-6.406542,15.604005,0.068931,0.102504,0,0.715789,0.027272,,False,-
scene-1094_011,34688,34688,0.000000,6.501155,36.679878,102.941628,-24.803764,15.328008,0.067287,0.100055,0,0.677608,0.028338,,False,-
scene-1094_012,34752,34752,0.000000,6.428464,36.847500,104.155853,-6.660456,15.346061,0.066141,0.099402,0,0.676056,0.027250,,False,-
scene-1094_013,34752,34752,0.000000,6.296844,36.644344,102.113297,-13.262020,15.720680,0.065338,0.098183,0,0.655093,0.027078,,False,-
scene-1094_014,34720,34720,0.000000,6.196894,36.108784,104.203773,-14.693117,16.718536,0.066409,0.095879,0,0.654971,0.027218,,False,-
scene-1094_015,34752,34752,0.000000,6.136481,36.527401,102.235001,-20.363817,16.153008,0.069350,0.099488,0,0.735826,0.027768,,False,-
scene-1094_016,34816,34816,0.000000,5.899703,35.938339,99.636368,-17.503557,13.794353,0.072122,0.100119,0,0.748792,0.027746,,False,-
scene-1094_017,34752,34752,0.000000,5.535657,35.964542,101.122444,-17.560276,15.014373,0.080095,0.107139,0,0.708798,0.027739,,False,-
scene-1094_018,34688,34688,0.000000,5.389958,36.133907,95.179359,-17.608038,15.219258,0.087704,0.106582,0,0.692951,0.028252,,False,-
scene-1094_019,34688,34688,0.000000,5.599951,37.934288,94.028816,-18.778921,14.982513,0.098532,0.114975,0,0.678445,0.028079,,False,-
scene-1094_020,34720,34720,0.000000,5.560458,37.609184,101.893303,-5.521749,14.757877,0.096133,0.111029,0,0.638197,0.028053,,False,-
scene-1094_021,34688,34688,0.000000,5.723765,39.025261,104.662933,-9.466290,15.216762,0.094293,0.107831,0,0.670717,0.028569,,False,-
scene-1094_022,34656,34656,0.000000,5.660328,39.045387,104.552040,-9.388402,14.726734,0.093037,0.103987,0,0.640288,0.028826,,False,-
scene-1094_023,34688,34688,0.000000,5.314997,38.211750,103.733650,-10.575058,17.116449,0.091992,0.105564,0,0.678049,0.028252,,False,-
scene-1094_024,34688,34688,0.000000,5.809966,39.058109,104.255936,-9.888233,19.242178,0.083900,0.102426,0,0.649038,0.028194,,False,-
scene-1094_025,34720,34720,0.000000,6.099553,41.452122,105.072647,-11.153381,18.800005,0.079108,0.101403,0,0.611765,0.028139,,False,-
scene-1094_026,34752,34752,0.000000,6.297245,42.638863,101.099548,-14.305738,18.186201,0.080523,0.096462,0,0.636898,0.028516,,False,-
scene-1094_027,34752,34752,0.000000,5.860230,44.554367,104.122009,-6.910839,17.865503,0.083631,0.097509,0,0.625144,0.027653,,False,-
scene-1094_028,34752,34752,0.000000,5.631646,45.172955,103.460426,-12.564483,17.489498,0.086714,0.099444,0,0.629717,0.028113,,False,-
scene-1094_029,34720,34720,0.000000,5.575922,45.267525,104.855797,-17.724390,18.465662,0.085603,0.101915,0,0.661939,0.027535,,False,-
scene-1094_030,34720,34720,0.000000,6.064657,45.492722,104.262161,-14.650765,18.442505,0.079801,0.099295,0,0.643623,0.027103,,False,-
scene-1094_031,34752,34752,0.000000,6.372391,46.784946,103.967712,-15.629527,18.495327,0.077733,0.107983,0,0.604706,0.028027,,False,-
scene-1094_032,34784,34784,0.000000,6.648358,48.233784,104.723564,-15.083977,16.970900,0.073968,0.109383,0,0.591617,0.028346,,False,-
scene-1094_033,34720,34720,0.000000,6.703066,49.367115,103.617958,-20.376406,19.419550,0.074240,0.106428,0,0.579952,0.028312,,False,-
scene-1094_034,34720,34720,0.000000,6.470169,48.948528,103.920448,-22.433897,18.927599,0.078656,0.109543,0,0.557692,0.028399,,False,-
scene-1094_035,34720,34720,0.000000,5.988180,48.886349,104.184883,-6.959530,18.457203,0.087187,0.105813,0,0.557261,0.028859,,False,-
scene-1094_036,34720,34720,0.000000,5.349741,44.733002,100.396248,-13.204908,18.078926,0.090157,0.100955,0,0.586248,0.026699,,False,-
scene-1094_037,34752,34752,0.000000,5.762873,44.808792,101.224472,-10.675241,16.783998,0.087149,0.096361,0,0.566265,0.028775,,False,-
scene-1094_038,34688,34688,0.000000,5.784767,42.681221,99.994118,-28.127071,16.879417,0.083800,0.093123,0,0.576923,0.028886,,False,-
scene-1094_039,34720,34720,0.000000,6.005036,42.000881,105.286720,-2.972219,17.035065,0.084478,0.096141,0,0.550415,0.028543,,False,-
