dataset,frame_id,yaw_deg,obj_index,type,in_box_ratio,mean_depth_m,n_obj_points,bucket
synthetic,000000,0.000000,0,Car,0.979684,7.012864,443,near_lt15m
synthetic,000000,0.000000,1,Pedestrian,0.905941,5.599010,202,near_lt15m
synthetic,000000,1.000000,0,Car,0.951613,6.984488,434,near_lt15m
synthetic,000000,1.000000,1,Pedestrian,0.901786,5.693854,112,near_lt15m
kitti,000011,0.000000,0,Pedestrian,0.993377,12.386674,151,near_lt15m
kitti,000011,0.000000,1,Pedestrian,1.000000,13.310763,35,near_lt15m
kitti,000011,0.000000,2,Car,1.000000,25.781301,208,mid_15_30m
kitti,000011,0.000000,3,Pedestrian,1.000000,34.024087,40,far_gt30m
kitti,000011,0.000000,4,Car,0.063673,3.735429,3251,near_lt15m
kitti,000011,0.000000,5,Pedestrian,1.000000,15.937566,81,mid_15_30m
kitti,000011,1.000000,0,Pedestrian,0.889706,12.440645,136,near_lt15m
kitti,000011,1.000000,1,Pedestrian,1.000000,13.396171,28,near_lt15m
kitti,000011,1.000000,2,Car,1.000000,25.841747,161,mid_15_30m
kitti,000011,1.000000,3,Pedestrian,0.375000,34.138119,8,far_gt30m
kitti,000011,1.000000,4,Car,0.046609,3.701972,3347,near_lt15m
kitti,000011,1.000000,5,Pedestrian,0.782609,15.910224,46,mid_15_30m
kitti,000049,0.000000,0,Car,1.000000,20.184128,206,mid_15_30m
kitti,000049,0.000000,1,Car,1.000000,12.969499,930,near_lt15m
kitti,000049,0.000000,2,Car,1.000000,20.885314,140,mid_15_30m
kitti,000049,0.000000,3,Car,1.000000,24.026431,79,mid_15_30m
kitti,000049,0.000000,4,Car,1.000000,31.174678,18,far_gt30m
kitti,000049,0.000000,5,Van,1.000000,44.560587,79,far_gt30m
kitti,000049,0.000000,6,Pedestrian,0.831325,4.631771,830,near_lt15m
kitti,000049,0.000000,7,Car,1.000000,8.713650,571,near_lt15m
kitti,000049,0.000000,8,Car,1.000000,13.773913,432,near_lt15m
kitti,000049,0.000000,9,Car,1.000000,19.262991,198,mid_15_30m
kitti,000049,0.000000,10,Pedestrian,0.880952,32.337652,42,far_gt30m
kitti,000049,0.000000,11,Car,1.000000,31.130133,74,far_gt30m
kitti,000049,0.000000,12,Car,1.000000,11.222320,437,near_lt15m
kitti,000049,0.000000,13,Car,1.000000,16.686960,312,mid_15_30m
kitti,000049,0.000000,14,Car,1.000000,33.995574,2,far_gt30m
kitti,000049,0.000000,15,Car,1.000000,21.873848,8,mid_15_30m
kitti,000049,0.000000,16,Van,1.000000,31.102170,261,far_gt30m
kitti,000049,0.000000,17,Car,0.875000,17.348119,56,mid_15_30m
kitti,000049,1.000000,0,Car,1.000000,20.177257,163,mid_15_30m
kitti,000049,1.000000,1,Car,1.000000,12.876301,474,near_lt15m
kitti,000049,1.000000,2,Car,1.000000,20.909222,110,mid_15_30m
kitti,000049,1.000000,3,Car,1.000000,23.960978,74,mid_15_30m
kitti,000049,1.000000,4,Car,1.000000,31.249717,16,far_gt30m
kitti,000049,1.000000,5,Van,1.000000,44.425260,36,far_gt30m
kitti,000049,1.000000,6,Pedestrian,0.737931,4.660172,1015,near_lt15m
kitti,000049,1.000000,7,Car,1.000000,8.238787,332,near_lt15m
kitti,000049,1.000000,8,Car,1.000000,13.430148,250,near_lt15m
kitti,000049,1.000000,9,Car,1.000000,18.574868,63,mid_15_30m
kitti,000049,1.000000,10,Pedestrian,0.636364,32.500745,11,far_gt30m
kitti,000049,1.000000,11,Car,1.000000,31.289751,77,far_gt30m
kitti,000049,1.000000,12,Car,1.000000,11.190513,365,near_lt15m
kitti,000049,1.000000,13,Car,1.000000,16.688059,276,mid_15_30m
kitti,000049,1.000000,14,Car,1.000000,34.494244,8,far_gt30m
kitti,000049,1.000000,15,Car,1.000000,21.504389,8,mid_15_30m
kitti,000049,1.000000,16,Van,1.000000,31.180769,194,far_gt30m
kitti,000049,1.000000,17,Car,0.857143,17.126108,49,mid_15_30m
nuscenes,scene-0103_010,0.000000,0,Car,1.000000,39.476704,7,far_gt30m
nuscenes,scene-0103_010,0.000000,1,Car,1.000000,23.293933,38,mid_15_30m
nuscenes,scene-0103_010,0.000000,2,Car,0.625000,21.551255,24,mid_15_30m
nuscenes,scene-0103_010,0.000000,3,Car,0.000000,6.826031,255,near_lt15m
nuscenes,scene-0103_010,0.000000,4,Car,1.000000,38.049883,1,far_gt30m
nuscenes,scene-0103_010,0.000000,5,bicycle_rack,1.000000,51.068076,5,far_gt30m
nuscenes,scene-0103_010,0.000000,6,Car,1.000000,20.615209,25,mid_15_30m
nuscenes,scene-0103_010,0.000000,7,Pedestrian,1.000000,18.484378,9,mid_15_30m
nuscenes,scene-0103_010,0.000000,8,Pedestrian,1.000000,36.708619,2,far_gt30m
nuscenes,scene-0103_010,0.000000,9,Truck,1.000000,69.610412,4,far_gt30m
nuscenes,scene-0103_010,0.000000,10,Pedestrian,1.000000,30.100312,3,far_gt30m
nuscenes,scene-0103_010,1.000000,0,Car,1.000000,39.423022,4,far_gt30m
nuscenes,scene-0103_010,1.000000,1,Car,1.000000,23.169187,38,mid_15_30m
nuscenes,scene-0103_010,1.000000,2,Car,0.800000,21.659444,10,mid_15_30m
nuscenes,scene-0103_010,1.000000,3,Car,0.000000,6.778085,245,near_lt15m
nuscenes,scene-0103_010,1.000000,4,Car,1.000000,37.909685,1,far_gt30m
nuscenes,scene-0103_010,1.000000,5,bicycle_rack,1.000000,50.850708,4,far_gt30m
nuscenes,scene-0103_010,1.000000,6,Car,1.000000,20.492280,20,mid_15_30m
nuscenes,scene-0103_010,1.000000,7,Pedestrian,1.000000,18.645488,15,mid_15_30m
nuscenes,scene-0103_010,1.000000,8,Truck,1.000000,69.716329,3,far_gt30m
nuscenes,scene-0103_010,1.000000,9,Pedestrian,1.000000,30.243770,2,far_gt30m
