dataset,frame_id,perturb_type,level,unit,fov_ratio,in_box_mean,nmi_intensity,in_box_near_lt15m,in_box_mid_15_30m,in_box_far_gt30m,n_points_in_fov,n_points
synthetic,000000,translation_x,0.000000,cm,0.163236,0.942812,0.318189,0.942812,,,3910,23953
synthetic,000000,translation_x,2.000000,cm,0.163863,0.926569,0.317799,0.926569,,,3925,23953
synthetic,000000,translation_x,5.000000,cm,0.164322,0.926203,0.317511,0.926203,,,3936,23953
synthetic,000000,translation_x,10.000000,cm,0.164614,0.925285,0.309664,0.925285,,,3943,23953
kitti,000011,translation_x,0.000000,cm,0.184678,0.842842,0.035009,0.685683,1.000000,1.000000,19946,108004
kitti,000011,translation_x,2.000000,cm,0.185197,0.844329,0.035484,0.688657,1.000000,1.000000,20002,108004
kitti,000011,translation_x,5.000000,cm,0.186567,0.840563,0.035822,0.689673,1.000000,0.974359,20150,108004
kitti,000011,translation_x,10.000000,cm,0.188243,0.840896,0.034628,0.686236,0.993333,1.000000,20331,108004
kitti,000049,translation_x,0.000000,cm,0.159142,0.977071,0.021164,0.966265,0.982143,0.980159,18093,113691
kitti,000049,translation_x,2.000000,cm,0.159555,0.977082,0.021033,0.966306,0.982143,0.980159,18140,113691
kitti,000049,translation_x,5.000000,cm,0.160611,0.976771,0.022268,0.965186,0.982143,0.980159,18260,113691
kitti,000049,translation_x,10.000000,cm,0.162062,0.974937,0.021884,0.962679,0.982143,0.976744,18425,113691
nuscenes,scene-0103_010,translation_x,0.000000,cm,0.089862,0.875000,0.075039,0.000000,0.906250,1.000000,3120,34720
nuscenes,scene-0103_010,translation_x,2.000000,cm,0.089862,0.873518,0.076891,0.000000,0.902174,1.000000,3120,34720
nuscenes,scene-0103_010,translation_x,5.000000,cm,0.089747,0.873518,0.075226,0.000000,0.902174,1.000000,3116,34720
nuscenes,scene-0103_010,translation_x,10.000000,cm,0.089660,0.877470,0.076385,0.000000,0.913043,1.000000,3113,34720
